{
  "metadata": {
    "metadataComments": [
      "Comments are being added as needed for clarity, and will be ignored by GeneLens.",
      "Any field that is defined as an array should have a plural variable name if possible (notable exception for something like a set that implies multiple members)",
      "Currently many single value entries are implemented as an array with one member. Unless these are likely to have multiple members in the future, consider collapsing them to a single string value.",
      "displayData is anything in the metadata that might be specifically shown to the user, but not part of the charting."
    ],
    "displayData": [
      {
        "value": "Metastasis Analysis",
        "priority": 1,
        "link": null
      },
      {
        "value": "Affymetrix data for clear cell renal cell carcinoma samples for cancers with and without diagnosed metastasis were contrast. First a UMAP analysis revealed that two primary tumor samples (GSM1618425,GSM1618429) clustered with adjacent non-malignant tissue (see supplementary file [1]). The two samples were excluded from downstream analysis. The primary tumor group from patients with metastases was compared with the primary tumor group from patients without metastases using a Student's T-test to detect differential expression.",
        "priority": 3,
        "link": null
      },
      {
        "value": "Supplementary File",
        "priority": 2,
        "link": "s3://bip-r-raw-dev-55d0/ScientificStrategyBioinformaticsSupplementary/GSE66270_GSE66271_GPL570/RCC_metastasis_samples_umap.pdf"
      }
    ],
    "analysisIds": [
      "ESSB20220606"
    ],
    "analysisStrings": [
      "GSE66270_GSE66271_GPL570.metastasis"
    ],
    "dataSources": [
      "s3://bip-r-raw-dev-55d0/Elucidata/GSE66270_GPL570/GSE66270_GPL570.gct",
      "s3://bip-r-raw-dev-55d0/Elucidata/GSE66271_GPL570/GSE66271_GPL570.gct"
    ],
    "dataReferences": [
      "https://www.ncbi.nlm.nih.gov/geo/query/acc.cgi?acc=GSE66270",
      "https://www.ncbi.nlm.nih.gov/geo/query/acc.cgi?acc=GSE66271"
    ],
    "analysisDescriptions": [
      "Affymetrix data for clear cell renal cell carcinoma samples for cancers with and without diagnosed metastasis were contrast. First a UMAP analysis revealed that two primary tumor samples (GSM1618425,GSM1618429) clustered with adjacent non-malignant tissue (see supplementary file [1]). The two samples were excluded from downstream analysis. The primary tumor group from patients with metastases was compared with the primary tumor group from patients without metastases using a Student's T-test to detect differential expression."
    ],
    "supplementaryFiles": [
      "s3://bip-r-raw-dev-55d0/ScientificStrategyBioinformaticsSupplementary/GSE66270_GSE66271_GPL570/RCC_metastasis_samples_umap.pdf"
    ],
    "sampleClasses": [
      {
        "labels": [
          "metastatic"
        ],
        "set": [
          "GSM1618415",
          "GSM1618417",
          "GSM1618419",
          "GSM1618421",
          "GSM1618423",
          "GSM1618427",
          "GSM1618431",
          "GSM1618433",
          "GSM1618435",
          "GSM1618437",
          "GSM1618439"
        ]
      },
      {
        "labels": [
          "non-metastatic"
        ],
        "set": [
          "GSM1618387",
          "GSM1618389",
          "GSM1618391",
          "GSM1618393",
          "GSM1618395",
          "GSM1618397",
          "GSM1618399",
          "GSM1618401",
          "GSM1618403",
          "GSM1618405",
          "GSM1618407",
          "GSM1618409",
          "GSM1618411",
          "GSM1618413"
        ]
      }
    ]
  },
  "data": {
    "datasets": [{
      "data": [20, 10]
    }]
  }
}
